name,phone,city,address,type,opening_balance
Ahmed Brothers,,Rawalpindi,,customer,0
M.A.T. Traders,,Rawalpindi,,customer,0
Hamza Traders,,Rawalpindi,,customer,0
Talha Pipe & Sanitary Store,,Rawalpindi,,customer,0
H.A.T. Traders,,Rawalpindi,,customer,0
Khalid Corporation,,Rawalpindi,,customer,0
Pak Punjab Sanitary Store,,Rawalpindi,,customer,0
H.S. Sanitary Store,,Rawalpindi,,customer,0
Abdul Wahab Sanitary Store,,Rawalpindi,,customer,0
Khan Corporation,,Rawalpindi,,customer,0
Pak Sanitary Store,,Rawalpindi,,customer,0
S.A. Corporation,,Rawalpindi,,customer,0
Pak Asia Sanitary Store,,Rawalpindi,,customer,0
Imran Agency,,Rawalpindi,,customer,0
Waqas Rafiq Sanitary Store,,Rawalpindi,,customer,0
Atif Sanitary Store,,Rawalpindi,,customer,0
Ghulam Nabi & Sons,,Rawalpindi,,customer,0
Hamid Corporation,,Rawalpindi,,customer,0
Tabish Traders,,Rawalpindi,,customer,0
Sajjad Siddiqui Sanitary Store,,Peshawar,,customer,0
Akbari Sanitary Store,,Peshawar,,customer,0
Al-Harmain Sanitary Store,,Peshawar,,customer,0
Zafar Shah Sanitary Store,,Peshawar,,customer,0
F.G. Traders,,Peshawar,,customer,0
Aurangzeb Corporation,,Peshawar,,customer,0
Makkah Sanitary Store,,Gujranwala,,customer,0
Munawar Sanitary Store,,Gujranwala,,customer,0
Super Sanitary Store,,Gujranwala,,customer,0
Opal Sanitary Store,,Gujranwala,,customer,0
Khawaja Kamran Sanitary Store,,Gujranwala,,customer,0
Gujranwala Sanitary Store,,Gujranwala,,customer,0
Meezan Sanitary Store,,Gujranwala,,customer,0
H.A. Sanitary Store,,Gujranwala,,customer,0
Ittehad Sanitary Store,,Gujranwala,,customer,0
Ehsan Sanitary Store,,Gujranwala,,customer,0
Awami Sanitary Store,,Gujranwala,,customer,0
Mr. Mudassar Hassan,,Gujranwala,,dealer,0
Mr. Ehsan Ali,,Gujranwala,,dealer,0
Mr. Muhammad Umar,,Rawalpindi,,dealer,0
Mr. Amjad Ali,,Mansehra,,dealer,0
Mr. Khalid Mughal,,Gujranwala,,dealer,0
Mr. Malik Imran,,Gujranwala,,dealer,0
